{"cameraMode":{"drawMode":0,"name":"Shaded","section":"Shading Mode"},"sceneLighting":false,"audioPlay":false,"sceneViewState":{"showFog":false,"showMaterialUpdate":false,"showSkybox":false,"showFlares":false,"showImageEffects":false,"showParticleSystems":true},"in2DMode":false,"pivot":{"x":-1.0100395679473878,"y":2.534470319747925,"z":-4.629264831542969},"rotation":{"x":0.19503168761730195,"y":0.6705934405326843,"z":-0.18949544429779054,"w":0.690187394618988},"size":4.2715373039245609,"orthographic":false}