{"cameraMode":{"drawMode":0,"name":"Shaded","section":"Shading Mode"},"sceneLighting":false,"audioPlay":false,"sceneViewState":{"showFog":false,"showMaterialUpdate":false,"showSkybox":false,"showFlares":false,"showImageEffects":false,"showParticleSystems":true},"in2DMode":false,"pivot":{"x":0.0,"y":0.44602343440055849,"z":-0.08728200197219849},"rotation":{"x":0.28183528780937197,"y":0.034530047327280048,"z":-0.010156726464629174,"w":0.9587874412536621},"size":4.615972995758057,"orthographic":false}