{"cameraMode":{"drawMode":0,"name":"Shaded","section":"Shading Mode"},"sceneLighting":true,"audioPlay":false,"sceneViewState":{"showFog":false,"showMaterialUpdate":false,"showSkybox":false,"showFlares":false,"showImageEffects":false,"showParticleSystems":true},"in2DMode":false,"pivot":{"x":10.532088279724121,"y":-5.967238426208496,"z":-14.755184173583985},"rotation":{"x":0.2617918848991394,"y":-0.14267849922180177,"z":0.03915790468454361,"w":0.9537161588668823},"size":27.809476852416993,"orthographic":false}